{
  "train_stones": [
    "stone_01",
    "stone_02",
    "stone_03",
    "stone_04",
    "stone_05",
    "stone_06",
    "stone_07",
    "stone_08",
    "stone_09",
    "stone_10"
  ],
  "val_stones": [
    "stone_11",
    "stone_12"
  ],
  "best_checkpoint": "/home/dilan/msc_research/StoneVolMain/volume_training_output/checkpoints/best-epoch=084-val/loss=0.4228.ckpt",
  "model_params": {
    "encoder": 280384,
    "seg_head": 41601,
    "multi_view_attn": 7110144,
    "flow_head": 125059,
    "total": 7658704
  },
  "final_metrics": {
    "train/seg_loss": 0.051581162959337234,
    "train/flow_loss": 0.027791287750005722,
    "train/chamfer_loss": 0.0032343361526727676,
    "train/loss": 0.08098962157964706,
    "train/seg_acc": 0.9897712469100952,
    "train/seg_precision": 0.8572574853897095,
    "train/seg_recall": 0.9765558838844299,
    "train/seg_f1": 0.9130261540412903,
    "train/seg_iou": 0.8399707674980164,
    "train/seg_stone_ratio": 0.05497831478714943,
    "lr-AdamW": 3.999999886872274e-09,
    "val/seg_loss": 0.4439428746700287,
    "val/flow_loss": 0.036011744290590286,
    "val/chamfer_loss": 0.004161956254392862,
    "val/loss": 0.4820355176925659,
    "val/seg_acc": 0.936912477016449,
    "val/seg_precision": 0.5398561358451843,
    "val/seg_recall": 0.8319274187088013,
    "val/seg_f1": 0.6446020007133484,
    "val/seg_iou": 0.47718605399131775,
    "val/seg_stone_ratio": 0.06866133213043213
  },
  "max_epochs": 100,
  "lr": 0.001,
  "loss_w_seg": 1.0,
  "loss_w_flow": 1.0,
  "loss_w_chamfer": 0.5,
  "freeze_encoder_after": -1,
  "random_views_suffix": "_random_npy"
}