{
  "train_stones": [
    "stone_01",
    "stone_02",
    "stone_03",
    "stone_04",
    "stone_05",
    "stone_06",
    "stone_07",
    "stone_08",
    "stone_09",
    "stone_10"
  ],
  "val_stones": [
    "stone_11",
    "stone_12"
  ],
  "best_checkpoint": "/home/dilan/msc_research/StoneVolMain/volume_training_output/checkpoints/best-epoch=004-val/loss=1.1523.ckpt",
  "model_params": {
    "encoder": 280384,
    "seg_head": 41601,
    "multi_view_attn": 7110144,
    "flow_head": 125059,
    "total": 7660252
  },
  "final_metrics": {
    "train/seg_loss": 0.10146240890026093,
    "train/flow_loss": 0.1339758187532425,
    "train/chamfer_loss": 0.0035336920991539955,
    "train/loss": 0.23720507323741913,
    "train/seg_acc": 0.9717725515365601,
    "train/seg_precision": 0.7889961004257202,
    "train/seg_recall": 0.9833424091339111,
    "train/seg_f1": 0.8755137324333191,
    "train/seg_iou": 0.7785899043083191,
    "train/seg_stone_ratio": 0.10094355046749115,
    "lr-AdamW": 0.00014669694064650685,
    "val/seg_loss": 3.623974323272705,
    "val/flow_loss": 0.04106668382883072,
    "val/chamfer_loss": 0.0038848405238240957,
    "val/loss": 3.666982650756836,
    "val/seg_acc": 0.9314262270927429,
    "val/seg_precision": 0.47029417753219604,
    "val/seg_recall": 0.43854495882987976,
    "val/seg_f1": 0.42239484190940857,
    "val/seg_iou": 0.28478577733039856,
    "val/seg_stone_ratio": 0.06954049319028854
  },
  "max_epochs": 200,
  "lr": 0.001,
  "loss_w_seg": 1.0,
  "loss_w_flow": 1.0,
  "loss_w_chamfer": 0.5,
  "freeze_encoder_after": -1,
  "random_views_suffix": "_random_npy"
}