{
  "flow_center": [
    -0.013049021363258362,
    0.005508787930011749,
    -0.07380127906799316
  ],
  "flow_std": [
    0.22836947441101074,
    0.22977682948112488,
    0.21499840915203094
  ],
  "flow_span": [
    2.686133861541748,
    2.467468738555908,
    2.767122268676758
  ],
  "flow_n_points": 512,
  "upsampled_center": [
    -0.015253385528922081,
    0.007624062243849039,
    -0.07552413642406464
  ],
  "upsampled_std": [
    0.22599638998508453,
    0.22766709327697754,
    0.21320001780986786
  ],
  "upsampled_span": [
    2.6808676719665527,
    2.480545997619629,
    2.775197982788086
  ],
  "seg_ratio": 0.05245768229166667,
  "seg_n_stone": 25784,
  "seg_n_total": 491520,
  "volume_cm3": 0.40013029524644717,
  "mesh_watertight": false,
  "gt_n_points": 8192,
  "gt_center": [
    -6.671143637504429e-10,
    -1.1506244845804758e-09,
    -3.588183972169645e-09
  ],
  "gt_std": [
    0.0054329209960997105,
    0.008011906407773495,
    0.00459392461925745
  ],
  "gt_span": [
    0.022625437006354332,
    0.028170887380838394,
    0.016393495723605156
  ],
  "chamfer_flow_to_gt": 0.27294263361083027,
  "chamfer_gt_to_flow": 0.003790618501620601,
  "chamfer_flow_avg": 0.13836662605622543,
  "chamfer_up_to_gt": 0.2712353360793383,
  "chamfer_gt_to_up": 0.002000790870678737,
  "chamfer_up_avg": 0.13661806347500852,
  "chamfer_flow_pct": 348.73351676990126,
  "chamfer_up_pct": 344.3265120201269,
  "gt_volume_est_cm3": 8.376097707614197e-07,
  "scale_ratio_flow_vs_gt": 36.286617279052734,
  "PASS_chamfer_under_10pct": false,
  "PASS_scale_ratio_0.8_1.2": false,
  "PASS_mesh_watertight": false,
  "PASS_volume_nonzero": true
}