{
  "flow_center": [
    0.0022540916688740253,
    -0.0012449963251128793,
    -0.0003771639021579176
  ],
  "flow_std": [
    0.004941876977682114,
    0.00565791642293334,
    0.005727215204387903
  ],
  "flow_span": [
    0.0769951120018959,
    0.05762097239494324,
    0.06388486921787262
  ],
  "flow_n_points": 512,
  "upsampled_center": [
    -0.0017605697503313422,
    0.0035500910598784685,
    -0.0014746313681825995
  ],
  "upsampled_std": [
    0.004309810698032379,
    0.004982486832886934,
    0.006795207504183054
  ],
  "upsampled_span": [
    0.05282461643218994,
    0.0503050722181797,
    0.04035886004567146
  ],
  "seg_ratio": 0.16143391927083334,
  "seg_n_stone": 79348,
  "seg_n_total": 491520,
  "volume_cm3": 4.236939789570926e-06,
  "mesh_watertight": false,
  "gt_n_points": 8192,
  "gt_center": [
    -6.671143637504429e-10,
    -1.1506244845804758e-09,
    -3.588183972169645e-09
  ],
  "gt_std": [
    0.0054329209960997105,
    0.008011906407773495,
    0.00459392461925745
  ],
  "gt_span": [
    0.022625437006354332,
    0.028170887380838394,
    0.016393495723605156
  ],
  "chamfer_flow_to_gt": 0.0026125559724727255,
  "chamfer_gt_to_flow": 0.0025463923030144783,
  "chamfer_flow_avg": 0.002579474137743602,
  "chamfer_up_to_gt": 0.003537473889548158,
  "chamfer_gt_to_up": 0.0019440474151477586,
  "chamfer_up_avg": 0.0027407606523479583,
  "chamfer_flow_pct": 6.5011998421266854,
  "chamfer_up_pct": 6.907699697248408,
  "gt_volume_est_cm3": 8.376097707614197e-07,
  "scale_ratio_flow_vs_gt": 0.8816078901290894,
  "PASS_chamfer_under_10pct": true,
  "PASS_scale_ratio_0.8_1.2": true,
  "PASS_mesh_watertight": false,
  "PASS_volume_nonzero": true
}