{
  "volume_cm3": 7.616038933900302e-05,
  "volume_mm3": 0.07616038933900302,
  "n_stone_points": 9651,
  "n_total_points": 73728,
  "n_flow_points": 128,
  "seg_ratio": 0.13090006510416666,
  "flow_steps": 10,
  "n_views": 18,
  "n_turntable_views": 18,
  "n_random_views": 0,
  "inference_time_s": 1.7559306719340384,
  "input_dir": "stone_syn_dataset/stone_01_sparse_npy_n18",
  "mesh_vertices": 2282,
  "mesh_triangles": 4405,
  "mesh_watertight": false
}