{
  "volume_cm3": 0.40013029524644717,
  "volume_mm3": 400.1302952464472,
  "n_stone_points": 25784,
  "n_total_points": 491520,
  "n_flow_points": 512,
  "n_upsampled_points": 4096,
  "seg_ratio": 0.05245768229166667,
  "flow_steps": 20,
  "n_views": 120,
  "n_turntable_views": 120,
  "n_random_views": 0,
  "inference_time_s": 6.548002282041125,
  "input_dir": "stone_syn_dataset/stone_01_depth_npy",
  "mesh_vertices": 16862,
  "mesh_triangles": 33255,
  "mesh_watertight": false
}