{
  "volume_cm3": 1.0993291542436881e-05,
  "volume_mm3": 0.01099329154243688,
  "n_stone_points": 109561,
  "n_total_points": 491520,
  "n_flow_points": 512,
  "n_upsampled_points": 2048,
  "seg_ratio": 0.22290242513020833,
  "flow_steps": 10,
  "n_views": 120,
  "n_turntable_views": 120,
  "n_random_views": 0,
  "inference_time_s": 1.850101426942274,
  "input_dir": "stone_syn_dataset/stone_01_depth_npy/",
  "mesh_vertices": 6527,
  "mesh_triangles": 12880,
  "mesh_watertight": false
}