{
  "volume_cm3": 4.236939789570926e-06,
  "volume_mm3": 0.0042369397895709255,
  "n_stone_points": 79348,
  "n_total_points": 491520,
  "n_flow_points": 512,
  "n_upsampled_points": 2048,
  "seg_ratio": 0.16143391927083334,
  "flow_steps": 10,
  "n_views": 120,
  "n_turntable_views": 120,
  "n_random_views": 0,
  "inference_time_s": 2.204996428103186,
  "input_dir": "stone_syn_dataset/stone_01_depth_npy",
  "mesh_vertices": 4619,
  "mesh_triangles": 9148,
  "mesh_watertight": false
}