{
  "volume_cm3": 0.24182326583417169,
  "volume_mm3": 241.82326583417168,
  "n_stone_points": 9444,
  "n_total_points": 73728,
  "n_flow_points": 128,
  "seg_ratio": 0.12809244791666666,
  "flow_steps": 10,
  "n_views": 18,
  "n_turntable_views": 18,
  "n_random_views": 0,
  "inference_time_s": 2.7413896619691513,
  "input_dir": "stone_syn_dataset/stone_01_sparse_npy_n18",
  "mesh_vertices": 29798,
  "mesh_triangles": 59349,
  "mesh_watertight": false
}